Prompt,Relevance
Vessel caught misreporting catch amount,Broad
Vessel caught falsifying fishing logs,Broad
Vessel caught with incorrect catch reports,Broad
Vessel caught underreporting catch in North Atlantic,Broad
Vessel caught misreporting haddock catch,Specific
Vessel caught with inaccurate fish size records,Broad
Vessel caught underreporting catch near protected area,Broad
Vessel caught misreporting tuna catch quantities,Specific
Vessel caught with unrecorded fish species,Broad
Vessel caught bypassing quota system,Broad
Vessel caught with illegal catch documentation,Broad
Vessel caught underreporting catch during inspection,Broad
Vessel caught using banned fishing gear,Broad
Vessel caught with hidden compartments for fish,Broad
Vessel caught misreporting catch to evade taxes,Broad
Vessel caught underreporting salmon catch,Specific
Vessel caught with manipulated scales,Broad
Vessel caught misreporting bluefin tuna catch,Specific
Vessel caught exceeding catch limits,Broad
Vessel caught with unregistered catch,Broad
Vessel caught falsifying catch dates,Broad
Vessel caught misreporting catch in Mediterranean,Broad
Vessel caught with underreported catch volume,Broad
Vessel caught falsifying species identification,Broad
Vessel caught with incorrect catch weights,Broad
Vessel caught misreporting catch for subsidies,Broad
Vessel caught underreporting sardine catch,Specific
Vessel caught bypassing catch reporting protocol,Broad
Vessel caught with falsified catch origins,Broad
Vessel caught misreporting catch in exclusive economic zones,Broad
Vessel caught hiding catch from authorities,Broad
Vessel caught with false catch certificates,Broad
Vessel caught underreporting catch in national waters,Broad
Vessel caught manipulating catch records,Broad
Vessel caught with fake catch tags,Broad
Vessel caught misreporting hake catch,Specific
Vessel caught evading fishing area regulations,Broad
Vessel caught with unreported endangered species,Broad
Vessel caught falsifying catch numbers,Broad
Vessel caught underreporting catch in territorial waters,Broad
Vessel caught with doctored catch documentation,Broad
Vessel caught misreporting catch to insurance,Broad
Vessel caught with undisclosed catch areas,Broad
Vessel caught underreporting catch to fisheries management,Broad
Vessel caught falsifying fish weights,Broad
Vessel caught misreporting catch in international waters,Broad
Vessel caught with unreported catch sales,Broad
Vessel caught falsifying catch times,Broad
Vessel caught misreporting catch during export,Broad
Vessel caught underreporting catch for export quotas,Broad
Vessel caught falsifying fish species on reports,Broad
Vessel caught with illegal catch handling,Broad
Vessel caught misreporting catch to regulatory bodies,Broad
Vessel caught underreporting catch for competitive advantage,Broad
Vessel caught with contraband fish species,Broad
Vessel caught falsifying catch volumes,Broad
Vessel caught misreporting catch during seasonal ban,Broad
Vessel caught underreporting catch to evade fines,Broad
Vessel caught with fake fishing licenses,Broad
Vessel caught misreporting catch to international buyers,Broad
Vessel caught with undeclared catch operations,Broad
Vessel caught falsifying catch locations,Broad
Vessel caught underreporting catch to avoid sanctions,Broad
Vessel caught with non-compliant catch reporting,Broad
Vessel caught misreporting catch to trading partners,Broad
Vessel caught underreporting catch in exclusive fishing zones,Broad
Vessel caught falsifying daily catch limits,Broad
Vessel caught with incorrect catch log entries,Broad
Vessel caught misreporting catch to conservation authorities,Broad
Vessel caught underreporting catch to avoid quota limits,Broad
Vessel caught with non-disclosed catch information,Broad
Vessel caught falsifying fishing trip reports,Broad
Vessel caught misreporting catch to market regulators,Broad
Vessel caught underreporting catch on commercial invoices,Broad
Vessel caught with incorrect species reporting,Broad
Vessel caught falsifying catch data for research,Broad
Vessel caught misreporting catch to environmental agencies,Broad
Vessel caught underreporting catch during audits,Broad
Vessel caught with false catch declarations,Broad
Vessel caught misreporting catch for licensing,Broad
Vessel caught underreporting catch for market access,Broad
Vessel caught falsifying catch data to NGOs,Broad
Vessel caught misreporting cod catch volumes,Specific
Vessel caught with hidden fish storage areas,Broad
Vessel caught underreporting catch for sustainability,Broad
Vessel caught falsifying quota reports,Broad
Vessel caught misreporting catch to fishing unions,Broad
Vessel caught underreporting shrimp catch,Specific
Vessel caught with altered catch records,Broad
Vessel caught falsifying fish type for premium prices,Broad
Vessel caught misreporting catch to avoid international disputes,Broad
Vessel caught underreporting catch in foreign ports,Broad
Vessel caught with undisclosed catch numbers,Broad
Vessel caught falsifying fishing zone entries,Broad
Vessel caught misreporting catch to health inspectors,Broad
Vessel caught underreporting catch for insurance claims,Broad
Vessel caught with mislabeled fish species,Broad
Vessel caught falsifying catch during transport,Broad
Vessel caught misreporting catch for fishing competition,Broad
Vessel caught misreporting catch for quota manipulation,Broad